Prefix,Primary City,Company,County,Usage,Introduced
(412) 200-,"Pittsburgh, PA",AT&T Local,Allegheny,Landline,2/4/94
(412) 201-,"Pittsburgh, PA",Verizon Pennsylvania,Allegheny,Landline,4/1/97
(412) 202-,"Pittsburgh, PA",Telcove Of Pennsylvania,Allegheny,Landline,2/2/04
(412) 203-,"Coraopolis, PA",Telcove Of Pennsylvania,Allegheny,Landline,6/30/01
(412) 204-,"Pittsburgh, PA",Us Lec Of Pennsylvania,Allegheny,Landline,3/3/01
(412) 205-,"Pittsburgh, PA",Teleport Communications America,Allegheny,Landline,4/15/96
(412) 206-,"Bridgeville, PA",Choice One Communications,Allegheny,Landline,1/14/00
(412) 207-,"Pittsburgh, PA",Teleport Communications America,Allegheny,Landline,4/15/96
(412) 208-,"Pittsburgh, PA",Intermedia Communications Inc.,Allegheny,Landline,4/15/96
(412) 209-,"Pittsburgh, PA",Intermedia Communications Inc.,Allegheny,Landline,4/15/96
(412) 212-,"Bethel Park, PA",Telcove Of Pennsylvania,Allegheny,Landline,10/18/01
(412) 213-,"Pittsburgh, PA",Teleport Communications America,Allegheny,Landline,4/15/96
(412) 215-,"Pittsburgh, PA",Cellco Partnership DBA Verizon Wireless,Allegheny,Cell Number,5/18/98
(412) 216-,"Pittsburgh, PA",Cellco Partnership DBA Verizon Wireless,Allegheny,Cell Number,5/18/98
(412) 217-,"Washington, PA",New Cingular Wireless PCS - IL,Washington,Cell Number,4/15/96
(412) 218-,"Carnegie, PA",Aerial Communications,Allegheny,Cell Number,11/26/13
(412) 219-,"Glenshaw, PA",Us Lec Of Pennsylvania,Allegheny,Landline,10/18/01
(412) 220-,"Bridgeville, PA",Verizon Pennsylvania,Allegheny,Landline,2/4/94
(412) 221-,"Bridgeville, PA",Verizon Pennsylvania,Allegheny,Landline,2/4/94
(412) 222-,"Pittsburgh, PA",Teleport Communications America,Allegheny,Landline,10/13/99
(412) 223-,"Pittsburgh, PA",Core Communications,Allegheny,Landline,7/12/02
(412) 224-,"Pittsburgh, PA",Consolidated Communications Enterprise Services-pa,Allegheny,Landline,6/25/05
(412) 225-,"Pittsburgh, PA",New Cingular Wireless PCS - IL,Allegheny,Cell Number,2/4/94
(412) 226-,"Pittsburgh, PA",Teleport Communications America,Allegheny,Landline,1/14/00
(412) 227-,"Pittsburgh, PA",Verizon Pennsylvania,Allegheny,Landline,11/11/03
(412) 228-,"Pittsburgh, PA",Citynet Pennsylvania,Allegheny,Landline,12/4/03
(412) 229-,"Pittsburgh, PA",Us Lec Of Pennsylvania,Allegheny,Landline,7/19/01
(412) 230-,"Pittsburgh, PA",Leap Wireless Intl DBA Cricket Comm,Allegheny,Cell Number,4/9/12
(412) 231-,"Pittsburgh, PA",Verizon Pennsylvania,Allegheny,Landline,2/4/94
(412) 232-,"Pittsburgh, PA",Verizon Pennsylvania,Allegheny,Landline,2/4/94
(412) 233-,"Clairton, PA",Verizon Pennsylvania,Allegheny,Landline,2/4/94
(412) 234-,"Pittsburgh, PA",Verizon Pennsylvania,Allegheny,Landline,2/4/94
(412) 235-,"Pittsburgh, PA",Global Crossing Local Services-pa,Allegheny,Landline,5/10/99
(412) 236-,"Pittsburgh, PA",Verizon Pennsylvania,Allegheny,Landline,2/4/94
(412) 237-,"Pittsburgh, PA",Verizon Pennsylvania,Allegheny,Landline,2/4/94
(412) 238-,"Pittsburgh, PA",Global Crossing Local Services-pa,Allegheny,Landline,5/10/99
(412) 240-,"Carnegie, PA",American Messaging (am),Allegheny,Cell Number,1/25/98
(412) 241-,"Pittsburgh, PA",Verizon Pennsylvania,Allegheny,Landline,2/4/94
(412) 242-,"Pittsburgh, PA",Verizon Pennsylvania,Allegheny,Landline,2/4/94
(412) 243-,"Pittsburgh, PA",Verizon Pennsylvania,Allegheny,Landline,2/4/94
(412) 244-,"Pittsburgh, PA",Verizon Pennsylvania,Allegheny,Landline,2/4/94
(412) 245-,"Turtle Creek, PA",Telcove Of Pennsylvania,Allegheny,Landline,2/8/01
(412) 246-,"Pittsburgh, PA",Choice One Communications,Allegheny,Landline,7/22/99
(412) 247-,"Pittsburgh, PA",Verizon Pennsylvania,Allegheny,Landline,2/4/94
(412) 248-,"Crafton, PA",Full Service Computing Corporation,Allegheny,Landline,9/21/01
(412) 249-,"Pittsburgh, PA",Teleport Communications America,Allegheny,Landline,4/15/96
(412) 250-,"Pittsburgh, PA",Us Lec Of Pennsylvania,Allegheny,Landline,3/3/01
(412) 251-,"Pittsburgh, PA",Comcast Phone Of Pennsylvania,Allegheny,Landline,6/30/01
(412) 252-,"Pittsburgh, PA",Teleport Communications America,Allegheny,Landline,4/15/96
(412) 253-,"Pittsburgh, PA",Paetec Communications,Allegheny,Landline,3/20/01
(412) 254-,"Pittsburgh, PA",Intermedia Communications Inc.,Allegheny,Landline,5/10/99
(412) 255-,"Pittsburgh, PA",Verizon Pennsylvania,Allegheny,Landline,2/4/94
(412) 256-,"Pittsburgh, PA",Verizon Pennsylvania,Allegheny,Landline,2/4/94
(412) 257-,"Bridgeville, PA",Verizon Pennsylvania,Allegheny,Landline,2/4/94
(412) 258-,"Pittsburgh, PA",Intermedia Communications Inc.,Allegheny,Landline,2/4/94
(412) 259-,"Pittsburgh, PA",Teleport Communications America,Allegheny,Landline,4/15/96
(412) 260-,"Pittsburgh, PA",Cellco Partnership DBA Verizon Wireless,Allegheny,Cell Number,11/11/03
(412) 261-,"Pittsburgh, PA",Verizon Pennsylvania,Allegheny,Landline,2/4/94
(412) 262-,"Coraopolis, PA",Verizon Pennsylvania,Allegheny,Landline,2/4/94
(412) 263-,"Pittsburgh, PA",Verizon Pennsylvania,Allegheny,Landline,2/4/94
(412) 264-,"Coraopolis, PA",Verizon Pennsylvania,Allegheny,Landline,2/4/94
(412) 265-,"Pittsburgh, PA",Level 3 Communications,Allegheny,Landline,5/21/01
(412) 266-,"Pittsburgh, PA",Cellco Partnership DBA Verizon Wireless,Allegheny,Cell Number,6/13/00
(412) 267-,"Pittsburgh, PA",Telcove Of Pennsylvania,Allegheny,Landline,6/19/01
(412) 268-,"Pittsburgh, PA",Verizon Pennsylvania,Allegheny,Landline,2/4/94
(412) 269-,"Coraopolis, PA",Verizon Pennsylvania,Allegheny,Landline,2/4/94
(412) 270-,"Carnegie, PA",Usa Mobility Wireless,Allegheny,Cell Number,1/10/96
(412) 271-,"Braddock, PA",Verizon Pennsylvania,Allegheny,Landline,2/4/94
(412) 272-,"Carnegie, PA",Usa Mobility Wireless,Allegheny,Cell Number,4/15/96
(412) 273-,"Braddock, PA",Verizon Pennsylvania,Allegheny,Landline,2/4/94
(412) 275-,"Pittsburgh, PA",Comcast Phone Of Pennsylvania,Allegheny,Landline,9/2/11
(412) 276-,"Carnegie, PA",Verizon Pennsylvania,Allegheny,Landline,2/4/94
(412) 277-,"Pittsburgh, PA",Leap Wireless Intl DBA Cricket Comm,Allegheny,Cell Number,8/14/02
(412) 278-,"Carnegie, PA",Verizon Pennsylvania,Allegheny,Landline,1/10/96
(412) 279-,"Carnegie, PA",Verizon Pennsylvania,Allegheny,Landline,2/4/94
(412) 280-,"Pittsburgh, PA",Usa Mobility Wireless,Allegheny,Cell Number,4/15/96
(412) 281-,"Pittsburgh, PA",Verizon Pennsylvania,Allegheny,Landline,2/4/94
(412) 282-,"Pittsburgh, PA",Global Crossing Local Services-pa,Allegheny,Landline,5/10/99
(412) 283-,"Bethel Park, PA",Consolidated Communications Enterprise Services-pa,Allegheny,Landline,6/13/00
(412) 285-,"Pittsburgh, PA",Xo Communications Services Inc,Allegheny,Landline,8/12/09
(412) 287-,"Pittsburgh, PA",Sprint Spectrum L.p.,Allegheny,Cell Number,2/4/94
(412) 288-,"Pittsburgh, PA",Verizon Pennsylvania,Allegheny,Landline,2/4/94
(412) 289-,"Indiana, PA",Cellco Partnership DBA Verizon Wireless,Indiana,Cell Number,2/4/94
(412) 290-,"Pittsburgh, PA",Leap Wireless Intl DBA Cricket Comm,Allegheny,Cell Number,7/14/09
(412) 291-,"Pittsburgh, PA",Verizon Pennsylvania,Allegheny,Landline,10/11/97
(412) 292-,"Bridgeville, PA",Sprint Spectrum L.p.,Allegheny,Cell Number,7/1/96
(412) 293-,"Pittsburgh, PA",Usa Mobility Wireless,Allegheny,Cell Number,7/1/96
(412) 294-,"Carnegie, PA",Telcove Of Pennsylvania,Allegheny,Landline,5/21/01
(412) 295-,"Pittsburgh, PA",Leap Wireless Intl DBA Cricket Comm,Allegheny,Cell Number,1/4/10
(412) 296-,"Washington, PA",Aerial Communications,Washington,Cell Number,10/15/96
(412) 297-,"Pittsburgh, PA",Intermedia Communications Inc.,Allegheny,Landline,2/4/94
(412) 298-,"Pittsburgh, PA",New Cingular Wireless PCS - IL,Allegheny,Cell Number,2/4/94
(412) 299-,"Coraopolis, PA",Verizon Pennsylvania,Allegheny,Landline,2/4/94
(412) 300-,"Carnegie, PA",Usa Mobility Wireless,Allegheny,Cell Number,5/18/98
(412) 301-,"Pittsburgh, PA",Comcast Phone Of Pennsylvania,Allegheny,Landline,10/1/04
(412) 302-,"Pittsburgh, PA",Cellco Partnership DBA Verizon Wireless,Allegheny,Cell Number,1/11/97
(412) 303-,"Pittsburgh, PA",Cellco Partnership DBA Verizon Wireless,Allegheny,Cell Number,4/15/96
(412) 304-,"Pittsburgh, PA",Sprint Spectrum L.p.,Allegheny,Landline,1/31/06
(412) 305-,"Carnegie, PA",American Messaging (am),Allegheny,Cell Number,10/15/96
(412) 306-,"Pittsburgh, PA",Verizon Pennsylvania,Allegheny,Landline,4/15/96
(412) 307-,"Pittsburgh, PA",Choice One Communications,Allegheny,Landline,1/14/00
(412) 308-,"Pittsburgh, PA",Teleport Communications America,Allegheny,Landline,4/15/96
(412) 309-,"Indiana, PA",Cellco Partnership DBA Verizon Wireless,Indiana,Cell Number,4/15/96
(412) 310-,"Pittsburgh, PA",Cellco Partnership DBA Verizon Wireless,Allegheny,Cell Number,4/15/96
(412) 312-,"Pittsburgh, PA",Intermedia Communications Inc.,Allegheny,Landline,4/15/96
(412) 313-,"Pittsburgh, PA",Intermedia Communications Inc.,Allegheny,Landline,4/15/96
(412) 315-,"Pittsburgh, PA",AT&T Local,Allegheny,Landline,1/19/11
(412) 316-,"Pittsburgh, PA",Teleport Communications America,Allegheny,Landline,4/15/96
(412) 317-,"Pittsburgh, PA",Teleport Communications America,Allegheny,Landline,4/15/96
(412) 318-,"Pittsburgh, PA",Teleport Communications America,Allegheny,Landline,4/15/96
(412) 319-,"Pittsburgh, PA",Teleport Communications America,Allegheny,Landline,4/15/96
(412) 320-,"Pittsburgh, PA",Verizon Pennsylvania,Allegheny,Landline,4/15/96
(412) 321-,"Pittsburgh, PA",Verizon Pennsylvania,Allegheny,Landline,2/4/94
(412) 322-,"Pittsburgh, PA",Verizon Pennsylvania,Allegheny,Landline,2/4/94
(412) 323-,"Pittsburgh, PA",Verizon Pennsylvania,Allegheny,Landline,2/4/94
(412) 324-,"Sewickley, PA",Consolidated Communications Enterprise Services-pa,Allegheny,Landline,2/4/94
(412) 325-,"Pittsburgh, PA",Consolidated Communications Enterprise Services-pa,Allegheny,Landline,2/4/94
(412) 326-,"Homestead, PA",Choice One Communications,Allegheny,Landline,1/14/00
(412) 327-,"Pittsburgh, PA",New Cingular Wireless PCS - IL,Allegheny,Cell Number,2/4/94
(412) 328-,"Pittsburgh, PA",Broadvox-clec,Allegheny,Landline,2/26/10
(412) 329-,"Pittsburgh, PA",Us Lec Of Pennsylvania,Allegheny,Landline,2/8/01
(412) 330-,"Pittsburgh, PA",Verizon Pennsylvania,Allegheny,Landline,2/4/94
(412) 331-,"Pittsburgh, PA",Verizon Pennsylvania,Allegheny,Landline,2/4/94
(412) 334-,"Pittsburgh, PA",Cellco Partnership DBA Verizon Wireless,Allegheny,Cell Number,10/13/99
(412) 335-,"Pittsburgh, PA",Cellco Partnership DBA Verizon Wireless,Allegheny,Cell Number,10/13/99
(412) 336-,"Pittsburgh, PA",Global Crossing Local Services-pa,Allegheny,Landline,5/10/99
(412) 337-,"Pittsburgh, PA",Cellco Partnership DBA Verizon Wireless,Allegheny,Cell Number,10/13/99
(412) 338-,"Pittsburgh, PA",Verizon Pennsylvania,Allegheny,Landline,2/4/94
(412) 339-,"Pittsburgh, PA",Level 3 Communications,Allegheny,Landline,10/25/11
(412) 340-,"Pittsburgh, PA",Schuylkill Mobile Fone,Allegheny,Cell Number,4/1/97
(412) 341-,"Pittsburgh, PA",Verizon Pennsylvania,Allegheny,Landline,2/4/94
(412) 342-,"Pittsburgh, PA",Choice One Communications,Allegheny,Landline,5/10/99
(412) 343-,"Pittsburgh, PA",Verizon Pennsylvania,Allegheny,Landline,2/4/94
(412) 344-,"Pittsburgh, PA",Verizon Pennsylvania,Allegheny,Landline,2/4/94
(412) 345-,"Pittsburgh, PA",Choice One Communications,Allegheny,Landline,5/10/99
(412) 346-,"Pittsburgh, PA",Choice One Communications,Allegheny,Landline,5/10/99
(412) 347-,"Bethel Park, PA",Choice One Communications,Allegheny,Landline,5/10/99
(412) 348-,"Pittsburgh, PA",Choice One Communications,Allegheny,Landline,5/10/99
(412) 349-,"Turtle Creek, PA",Choice One Communications,Allegheny,Landline,5/10/99
(412) 350-,"Pittsburgh, PA",Verizon Pennsylvania,Allegheny,Landline,2/11/95
(412) 351-,"Braddock, PA",Verizon Pennsylvania,Allegheny,Landline,2/4/94
(412) 352-,"Pittsburgh, PA",New Cingular Wireless PCS - IL,Allegheny,Cell Number,2/4/94
(412) 353-,"Pittsburgh, PA",Paetec Communications,Allegheny,Landline,9/21/01
(412) 354-,"Pittsburgh, PA",Verizon Pennsylvania,Allegheny,Landline,5/31/11
(412) 355-,"Pittsburgh, PA",Verizon Pennsylvania,Allegheny,Landline,2/4/94
(412) 356-,"Pittsburgh, PA",Intermedia Communications Inc.,Allegheny,Landline,3/20/01
(412) 357-,"Pittsburgh, PA",Level 3 Communications,Allegheny,Landline,8/20/01
(412) 358-,"Pittsburgh, PA",Verizon Pennsylvania,Allegheny,Landline,7/6/97
(412) 359-,"Pittsburgh, PA",Verizon Pennsylvania,Allegheny,Landline,2/4/94
(412) 360-,"Pittsburgh, PA",Core Communications,Allegheny,Landline,7/19/01
(412) 361-,"Pittsburgh, PA",Verizon Pennsylvania,Allegheny,Landline,2/4/94
(412) 362-,"Pittsburgh, PA",Verizon Pennsylvania,Allegheny,Landline,2/4/94
(412) 363-,"Pittsburgh, PA",Verizon Pennsylvania,Allegheny,Landline,2/4/94
(412) 364-,"Pittsburgh, PA",Verizon Pennsylvania,Allegheny,Landline,2/4/94
(412) 365-,"Pittsburgh, PA",Verizon Pennsylvania,Allegheny,Landline,2/4/94
(412) 366-,"Pittsburgh, PA",Verizon Pennsylvania,Allegheny,Landline,2/4/94
(412) 367-,"Pittsburgh, PA",Verizon Pennsylvania,Allegheny,Landline,2/4/94
(412) 368-,"Homestead, PA",Telcove Of Pennsylvania,Allegheny,Landline,3/20/01
(412) 369-,"Pittsburgh, PA",Verizon Pennsylvania,Allegheny,Landline,2/4/94
(412) 370-,"Pittsburgh, PA",New Cingular Wireless PCS - IL,Allegheny,Cell Number,9/11/94
(412) 371-,"Pittsburgh, PA",Verizon Pennsylvania,Allegheny,Landline,2/4/94
(412) 372-,"Monroeville, PA",Verizon Pennsylvania,Allegheny,Landline,2/4/94
(412) 373-,"Monroeville, PA",Verizon Pennsylvania,Allegheny,Landline,2/4/94
(412) 374-,"Monroeville, PA",Verizon Pennsylvania,Allegheny,Landline,2/4/94
(412) 375-,"Pittsburgh, PA",Teleport Communications America,Allegheny,Landline,5/10/99
(412) 376-,"Pittsburgh, PA",Intermedia Communications Inc.,Allegheny,Landline,1/14/00
(412) 377-,"Pittsburgh, PA",Leap Wireless Intl DBA Cricket Comm,Allegheny,Cell Number,4/19/01
(412) 378-,"Turtle Creek, PA",Aerial Communications,Allegheny,Cell Number,7/22/99
(412) 379-,"Pittsburgh, PA",Allegiance Telecom Of Pennsylvania,Allegheny,Landline,6/20/01
(412) 380-,"Monroeville, PA",Verizon Pennsylvania,Allegheny,Landline,1/10/96
(412) 381-,"Pittsburgh, PA",Verizon Pennsylvania,Allegheny,Landline,2/4/94
(412) 382-,"Elizabeth, PA",Verizon Pennsylvania,Allegheny,Landline,2/4/94
(412) 383-,"Pittsburgh, PA",Verizon Pennsylvania,Allegheny,Landline,2/4/94
(412) 384-,"Elizabeth, PA",Verizon Pennsylvania,Allegheny,Landline,2/4/94
(412) 385-,"Pittsburgh, PA",Intermedia Communications Inc.,Allegheny,Landline,7/1/96
(412) 386-,"Pittsburgh, PA",Intermedia Communications Inc.,Allegheny,Landline,7/1/96
(412) 387-,"Pittsburgh, PA",Intermedia Communications Inc.,Allegheny,Landline,10/15/96
(412) 388-,"Pittsburgh, PA",Verizon Pennsylvania,Allegheny,Landline,1/25/98
(412) 389-,"Pittsburgh, PA",Cellco Partnership DBA Verizon Wireless,Allegheny,Cell Number,2/4/94
(412) 390-,"Pittsburgh, PA",Verizon Pennsylvania,Allegheny,Landline,4/15/96
(412) 391-,"Pittsburgh, PA",Verizon Pennsylvania,Allegheny,Landline,2/4/94
(412) 392-,"Pittsburgh, PA",Verizon Pennsylvania,Allegheny,Landline,2/4/94
(412) 393-,"Pittsburgh, PA",Verizon Pennsylvania,Allegheny,Landline,2/4/94
(412) 394-,"Pittsburgh, PA",Verizon Pennsylvania,Allegheny,Landline,2/4/94
(412) 395-,"Pittsburgh, PA",Teleport Communications America,Allegheny,Landline,4/15/96
(412) 396-,"Pittsburgh, PA",Verizon Pennsylvania,Allegheny,Landline,2/4/94
(412) 397-,"Pittsburgh, PA",Intermedia Communications Inc.,Allegheny,Landline,1/14/00
(412) 398-,"Pittsburgh, PA",Cellco Partnership DBA Verizon Wireless,Allegheny,Cell Number,2/11/95
(412) 399-,"Pittsburgh, PA",Global Crossing Local Services-pa,Allegheny,Landline,5/10/99
(412) 400-,"Pittsburgh, PA",Cellco Partnership DBA Verizon Wireless,Allegheny,Cell Number,5/18/98
(412) 401-,"Pittsburgh, PA",Sprint Spectrum L.p.,Allegheny,Cell Number,4/1/97
(412) 402-,"Pittsburgh, PA",Verizon Pennsylvania,Allegheny,Landline,4/15/96
(412) 403-,"Pittsburgh, PA",Leap Wireless Intl DBA Cricket Comm,Allegheny,Cell Number,11/8/01
(412) 404-,"Pittsburgh, PA",Teleport Communications America,Allegheny,Landline,4/15/96
(412) 405-,"Pittsburgh, PA",Teleport Communications America,Allegheny,Landline,4/15/96
(412) 406-,"Pittsburgh, PA",Teleport Communications America,Allegheny,Landline,4/15/96
(412) 407-,"Pittsburgh, PA",Intermedia Communications Inc.,Allegheny,Landline,4/15/96
(412) 408-,"Pittsburgh, PA",Intermedia Communications Inc.,Allegheny,Landline,4/15/96
(412) 409-,"Pittsburgh, PA",Intermedia Communications Inc.,Allegheny,Landline,7/1/96
(412) 414-,"Pittsburgh, PA",Sprint Spectrum L.p.,Allegheny,Cell Number,4/1/97
(412) 415-,"Pittsburgh, PA",Teleport Communications America,Allegheny,Landline,4/15/96
(412) 416-,"Pittsburgh, PA",Xo Communications Services Inc,Allegheny,Landline,9/2/09
(412) 417-,"Pittsburgh, PA",New Cingular Wireless PCS - IL,Allegheny,Cell Number,10/15/96
(412) 418-,"Pittsburgh, PA",New Cingular Wireless PCS - IL,Allegheny,Cell Number,10/15/96
(412) 419-,"Pittsburgh, PA",365 Wireless,Allegheny,Cell Number,1/9/14
(412) 420-,"Pittsburgh, PA",Verizon Pennsylvania,Allegheny,Landline,1/10/96
(412) 421-,"Pittsburgh, PA",Verizon Pennsylvania,Allegheny,Landline,2/4/94
(412) 422-,"Pittsburgh, PA",Verizon Pennsylvania,Allegheny,Landline,2/4/94
(412) 423-,"Oakmont, PA",Consolidated Communications Enterprise Services-pa,Allegheny,Landline,1/14/00
(412) 424-,"Coraopolis, PA",Choice One Communications,Allegheny,Landline,10/13/99
(412) 425-,"Pittsburgh, PA",Sprint Spectrum L.p.,Allegheny,Cell Number,1/22/01
(412) 426-,"Pittsburgh, PA",Intermedia Communications Inc.,Allegheny,Landline,7/1/96
(412) 427-,"Pittsburgh, PA",New Cingular Wireless PCS - IL,Allegheny,Cell Number,2/4/94
(412) 428-,"Carnegie, PA",Allegiance Telecom Of Pennsylvania,Allegheny,Landline,10/18/01
(412) 429-,"Carnegie, PA",Verizon Pennsylvania,Allegheny,Landline,2/4/94
(412) 430-,"Pittsburgh, PA",Peerless Network Of Pennsylvania,Allegheny,Landline,3/12/12
(412) 431-,"Pittsburgh, PA",Verizon Pennsylvania,Allegheny,Landline,2/4/94
(412) 432-,"Pittsburgh, PA",Verizon Pennsylvania,Allegheny,Landline,1/11/97
(412) 433-,"Pittsburgh, PA",Verizon Pennsylvania,Allegheny,Landline,2/4/94
(412) 434-,"Pittsburgh, PA",Verizon Pennsylvania,Allegheny,Landline,2/4/94
(412) 435-,"Oakmont, PA",Choice One Communications,Allegheny,Landline,1/14/00
(412) 436-,"Pittsburgh, PA",Us Lec Of Pennsylvania,Allegheny,Landline,8/20/01
(412) 437-,"Pittsburgh, PA",Global Crossing Local Services-pa,Allegheny,Landline,5/10/99
(412) 438-,"Pittsburgh, PA",Global Crossing Local Services-pa,Allegheny,Landline,5/10/99
(412) 439-,"Pittsburgh, PA",Cellco Partnership DBA Verizon Wireless,Allegheny,Cell Number,9/28/10
(412) 440-,"Pittsburgh, PA",Choice One Communications,Allegheny,Landline,7/22/99
(412) 441-,"Pittsburgh, PA",Verizon Pennsylvania,Allegheny,Landline,2/4/94
(412) 442-,"Pittsburgh, PA",Verizon Pennsylvania,Allegheny,Landline,2/4/94
(412) 443-,"Pittsburgh, PA",Cellco Partnership DBA Verizon Wireless,Allegheny,Cell Number,5/10/99
(412) 444-,"Mc Kees Rocks, PA",Choice One Communications,Allegheny,Landline,7/22/99
(412) 445-,"Pittsburgh, PA",Cellco Partnership DBA Verizon Wireless,Allegheny,Cell Number,5/10/99
(412) 446-,"Carnegie, PA",Choice One Communications,Allegheny,Landline,7/22/99
(412) 447-,"Pittsburgh, PA",Choice One Communications,Allegheny,Landline,7/22/99
(412) 448-,"Pittsburgh, PA",Sprint Spectrum L.p.,Allegheny,Cell Number,6/30/01
(412) 449-,"Pittsburgh, PA",Choice One Communications,Allegheny,Landline,7/22/99
(412) 450-,"Pittsburgh, PA",Global Crossing Local Services-pa,Allegheny,Landline,5/10/99
(412) 451-,"Pittsburgh, PA",Global Crossing Local Services-pa,Allegheny,Landline,10/31/00
(412) 452-,"Pittsburgh, PA",Leap Wireless Intl DBA Cricket Comm,Allegheny,Cell Number,11/15/01
(412) 453-,"Wilkinsburg, PA",Level 3 Communications,Allegheny,Landline,4/19/01
(412) 454-,"Pittsburgh, PA",Verizon Pennsylvania,Allegheny,Landline,9/11/94
(412) 455-,"Pittsburgh, PA",Consolidated Communications Enterprise Services-pa,Allegheny,Landline,6/13/00
(412) 456-,"Pittsburgh, PA",Verizon Pennsylvania,Allegheny,Landline,2/4/94
(412) 457-,"Turtle Creek, PA",Consolidated Communications Enterprise Services-pa,Allegheny,Landline,2/4/94
(412) 458-,"Mckeesport, PA",Comcast Phone Of Pennsylvania,Allegheny,Landline,10/1/04
(412) 459-,"Pittsburgh, PA",Consolidated Communications Enterprise Services-pa,Allegheny,Landline,2/4/94
(412) 460-,"Dravosburg, PA",Verizon Pennsylvania,Allegheny,Landline,1/10/96
(412) 461-,"Homestead, PA",Verizon Pennsylvania,Allegheny,Landline,2/4/94
(412) 462-,"Homestead, PA",Verizon Pennsylvania,Allegheny,Landline,2/4/94
(412) 463-,"Pittsburgh, PA",Cellco Partnership DBA Verizon Wireless,Allegheny,Cell Number,3/16/12
(412) 464-,"Homestead, PA",Verizon Pennsylvania,Allegheny,Landline,2/4/94
(412) 465-,"Mckeesport, PA",Bandwidth.com Clec,Allegheny,Landline,6/24/08
(412) 466-,"Dravosburg, PA",Verizon Pennsylvania,Allegheny,Landline,2/4/94
(412) 467-,"Pittsburgh, PA",Verizon Pennsylvania,Allegheny,Landline,7/6/97
(412) 468-,"Clairton, PA",Ymax Communications Corp.,Allegheny,Landline,12/13/06
(412) 469-,"Dravosburg, PA",Verizon Pennsylvania,Allegheny,Landline,2/4/94
(412) 470-,"Imperial, PA",Verizon Pennsylvania,Allegheny,Landline,1/10/96
(412) 471-,"Pittsburgh, PA",Verizon Pennsylvania,Allegheny,Landline,2/4/94
(412) 472-,"Imperial, PA",Verizon Pennsylvania,Allegheny,Landline,2/4/94
(412) 473-,"Pittsburgh, PA",Verizon Pennsylvania,Allegheny,Landline,10/15/96
(412) 474-,"Imperial, PA",Verizon Pennsylvania,Allegheny,Landline,2/4/94
(412) 475-,"Pittsburgh, PA",Sprint Spectrum L.p.,Allegheny,Cell Number,2/4/94
(412) 476-,"Homestead, PA",Verizon Pennsylvania,Allegheny,Landline,2/4/94
(412) 477-,"Pittsburgh, PA",Cellco Partnership DBA Verizon Wireless,Allegheny,Cell Number,1/14/00
(412) 478-,"Pittsburgh, PA",Aerial Communications,Allegheny,Cell Number,6/30/01
(412) 479-,"Pittsburgh, PA",Allegiance Telecom Of Pennsylvania,Allegheny,Landline,10/18/01
(412) 480-,"Pittsburgh, PA",Cellco Partnership DBA Verizon Wireless,Allegheny,Cell Number,2/11/95
(412) 481-,"Pittsburgh, PA",Verizon Pennsylvania,Allegheny,Landline,2/4/94
(412) 482-,"Pittsburgh, PA",Cavalier Telephone Mid-atlantic,Allegheny,Landline,4/23/07
(412) 485-,"Pittsburgh, PA",Verizon Pennsylvania,Allegheny,Landline,1/10/96
(412) 486-,"Glenshaw, PA",Verizon Pennsylvania,Allegheny,Landline,2/4/94
(412) 487-,"Glenshaw, PA",Verizon Pennsylvania,Allegheny,Landline,2/4/94
(412) 488-,"Pittsburgh, PA",Verizon Pennsylvania,Allegheny,Landline,2/4/94
(412) 489-,"Pittsburgh, PA",Intermedia Communications Inc.,Allegheny,Landline,1/14/00
(412) 490-,"Oakdale, PA",Verizon Pennsylvania,Allegheny,Landline,1/10/96
(412) 491-,"Pittsburgh, PA",Cellco Partnership DBA Verizon Wireless,Allegheny,Cell Number,2/4/94
(412) 492-,"Glenshaw, PA",Verizon Pennsylvania,Allegheny,Landline,2/4/94
(412) 493-,"Imperial, PA",Verizon Pennsylvania,Allegheny,Landline,2/11/95
(412) 494-,"Oakdale, PA",Verizon Pennsylvania,Allegheny,Landline,2/4/94
(412) 496-,"Pittsburgh, PA",Cellco Partnership DBA Verizon Wireless,Allegheny,Cell Number,2/4/94
(412) 497-,"Pittsburgh, PA",Verizon Pennsylvania,Allegheny,Landline,2/4/94
(412) 498-,"Pittsburgh, PA",Sprint Spectrum L.p.,Allegheny,Landline,7/6/97
(412) 499-,"Pittsburgh, PA",Level 3 Communications,Allegheny,Landline,2/27/03
(412) 501-,"Pittsburgh, PA",Intermedia Communications Inc.,Allegheny,Landline,4/15/96
(412) 502-,"Pittsburgh, PA",Intermedia Communications Inc.,Allegheny,Landline,4/15/96
(412) 503-,"Pittsburgh, PA",Intermedia Communications Inc.,Allegheny,Landline,4/15/96
(412) 504-,"Pittsburgh, PA",Intermedia Communications Inc.,Allegheny,Landline,7/1/96
(412) 505-,"Pittsburgh, PA",Intermedia Communications Inc.,Allegheny,Landline,7/1/96
(412) 506-,"Pittsburgh, PA",Intermedia Communications Inc.,Allegheny,Landline,7/1/96
(412) 507-,"Pittsburgh, PA",Intermedia Communications Inc.,Allegheny,Landline,7/1/96
(412) 508-,"Pittsburgh, PA",Cellco Partnership DBA Verizon Wireless,Allegheny,Cell Number,6/30/01
(412) 512-,"Pittsburgh, PA",Sprint Spectrum L.p.,Allegheny,Cell Number,1/11/97
(412) 513-,"Pittsburgh, PA",Verizon Pennsylvania,Allegheny,Landline,3/3/01
(412) 515-,"Pittsburgh, PA",Sprint Spectrum L.p.,Allegheny,Cell Number,3/16/12
(412) 517-,"Pittsburgh, PA",Teleport Communications America,Allegheny,Landline,4/15/96
(412) 518-,"Pittsburgh, PA",Cellco Partnership DBA Verizon Wireless,Allegheny,Cell Number,9/17/09
(412) 519-,"Pittsburgh, PA",Aerial Communications,Allegheny,Cell Number,10/15/96
(412) 520-,"Mc Kees Rocks, PA",Verizon Pennsylvania,Allegheny,Landline,6/30/01
(412) 521-,"Pittsburgh, PA",Verizon Pennsylvania,Allegheny,Landline,2/4/94
(412) 522-,"Pittsburgh, PA",Cellco Partnership DBA Verizon Wireless,Allegheny,Cell Number,4/19/12
(412) 523-,"Pittsburgh, PA",Cellco Partnership DBA Verizon Wireless,Allegheny,Cell Number,2/4/94
(412) 525-,"Pittsburgh, PA",Cellco Partnership DBA Verizon Wireless,Allegheny,Cell Number,9/25/12
(412) 526-,"Pittsburgh, PA",Cellco Partnership DBA Verizon Wireless,Allegheny,Cell Number,2/4/94
(412) 527-,"Pittsburgh, PA",Cellco Partnership DBA Verizon Wireless,Allegheny,Cell Number,2/4/94
(412) 528-,"Pittsburgh, PA",Level 3 Communications,Allegheny,Landline,1/22/01
(412) 529-,"Pittsburgh, PA",Cellco Partnership DBA Verizon Wireless,Allegheny,Cell Number,10/12/12
(412) 530-,"Pittsburgh, PA",Cavalier Telephone Mid-atlantic,Allegheny,Landline,4/23/07
(412) 531-,"Pittsburgh, PA",Verizon Pennsylvania,Allegheny,Landline,2/4/94
(412) 532-,"West Mifflin, PA",Choice One Communications,Allegheny,Landline,1/14/00
(412) 533-,"Pittsburgh, PA",Intermedia Communications Inc.,Allegheny,Landline,2/4/94
(412) 534-,"Pittsburgh, PA",Intermedia Communications Inc.,Allegheny,Landline,7/1/96
(412) 535-,"Pittsburgh, PA",Allegiance Telecom Of Pennsylvania,Allegheny,Landline,1/22/01
(412) 536-,"Pittsburgh, PA",Intermedia Communications Inc.,Allegheny,Landline,7/1/96
(412) 537-,"Pittsburgh, PA",Leap Wireless Intl DBA Cricket Comm,Allegheny,Cell Number,9/21/01
(412) 538-,"Pittsburgh, PA",Teleport Communications America,Allegheny,Landline,7/30/10
(412) 539-,"Mc Kees Rocks, PA",Consolidated Communications Enterprise Services-pa,Allegheny,Landline,8/20/00
(412) 540-,"Pittsburgh, PA",Intermedia Communications Inc.,Allegheny,Landline,4/15/96
(412) 542-,"Pittsburgh, PA",Global Crossing Local Services-pa,Allegheny,Landline,5/10/99
(412) 543-,"Pittsburgh, PA",Global Crossing Local Services-pa,Allegheny,Landline,5/10/99
(412) 544-,"Pittsburgh, PA",Verizon Pennsylvania,Allegheny,Landline,4/15/96
(412) 545-,"Pittsburgh, PA",Intermedia Communications Inc.,Allegheny,Landline,1/14/00
(412) 548-,"Pittsburgh, PA",Allegiance Telecom Of Pennsylvania,Allegheny,Landline,2/8/01
(412) 549-,"Kittanning, PA",Cellco Partnership DBA Verizon Wireless,Armstrong,Cell Number,1/25/98
(412) 551-,"Pittsburgh, PA",New Cingular Wireless PCS - IL,Allegheny,Cell Number,2/4/94
(412) 552-,"Pittsburgh, PA",Verizon Pennsylvania,Allegheny,Landline,1/10/96
(412) 553-,"Pittsburgh, PA",Verizon Pennsylvania,Allegheny,Landline,2/4/94
(412) 554-,"Greensburg, PA",Cellco Partnership DBA Verizon Wireless,Westmoreland,Cell Number,1/10/96
(412) 557-,"Pittsburgh, PA",Intermedia Communications Inc.,Allegheny,Landline,1/14/00
(412) 558-,"Greensburg, PA",Cellco Partnership DBA Verizon Wireless,Westmoreland,Cell Number,1/10/96
(412) 559-,"Pittsburgh, PA",Cellco Partnership DBA Verizon Wireless,Allegheny,Cell Number,9/11/94
(412) 560-,"Pittsburgh, PA",Verizon Pennsylvania,Allegheny,Landline,9/11/94
(412) 561-,"Pittsburgh, PA",Verizon Pennsylvania,Allegheny,Landline,2/4/94
(412) 562-,"Pittsburgh, PA",Verizon Pennsylvania,Allegheny,Landline,2/4/94
(412) 563-,"Pittsburgh, PA",Verizon Pennsylvania,Allegheny,Landline,2/4/94
(412) 564-,"Pittsburgh, PA",Level 3 Communications,Allegheny,Landline,2/8/01
(412) 565-,"Pittsburgh, PA",Verizon Pennsylvania,Allegheny,Landline,2/4/94
(412) 566-,"Pittsburgh, PA",Verizon Pennsylvania,Allegheny,Landline,2/4/94
(412) 567-,"Pittsburgh, PA",Level 3 Communications,Allegheny,Landline,6/30/01
(412) 568-,"Bethel Park, PA",Global Crossing Local Services-pa,Allegheny,Landline,5/10/99
(412) 569-,"Pittsburgh, PA",Global Crossing Local Services-pa,Allegheny,Landline,5/10/99
(412) 571-,"Pittsburgh, PA",Verizon Pennsylvania,Allegheny,Landline,2/4/94
(412) 572-,"Pittsburgh, PA",Verizon Pennsylvania,Allegheny,Landline,2/4/94
(412) 573-,"Verona, PA",Choice One Communications,Allegheny,Landline,1/14/00
(412) 574-,"Pittsburgh, PA",Verizon Pennsylvania,Allegheny,Landline,2/4/94
(412) 575-,"Pittsburgh, PA",Verizon Pennsylvania,Allegheny,Landline,2/4/94
(412) 576-,"Pittsburgh, PA",New Cingular Wireless PCS - IL,Allegheny,Cell Number,7/4/95
(412) 577-,"Pittsburgh, PA",Verizon Pennsylvania,Allegheny,Landline,2/4/94
(412) 578-,"Pittsburgh, PA",Verizon Pennsylvania,Allegheny,Landline,2/4/94
(412) 579-,"Pittsburgh, PA",Verizon Pennsylvania,Allegheny,Landline,2/4/94
(412) 580-,"Pittsburgh, PA",New Cingular Wireless PCS - IL,Allegheny,Cell Number,2/4/94
(412) 581-,"Pittsburgh, PA",Usa Mobility Wireless,Allegheny,Cell Number,2/4/94
(412) 582-,"Uniontown, PA",Cellco Partnership DBA Verizon Wireless,Fayette,Cell Number,2/4/94
(412) 583-,"Pittsburgh, PA",Leap Wireless Intl DBA Cricket Comm,Allegheny,Cell Number,6/19/01
(412) 584-,"Pittsburgh, PA",Leap Wireless Intl DBA Cricket Comm,Allegheny,Cell Number,2/26/09
(412) 585-,"Mars, PA",Cellco Partnership DBA Verizon Wireless,Butler,Cell Number,2/11/95
(412) 586-,"Pittsburgh, PA",Us Lec Of Pennsylvania,Allegheny,Landline,10/31/00
(412) 587-,"Pittsburgh, PA",Allegiance Telecom Of Pennsylvania,Allegheny,Landline,6/19/01
(412) 589-,"Pittsburgh, PA",Sprint Spectrum L.p.,Allegheny,Cell Number,8/20/00
(412) 590-,"Bethel Park, PA",Usa Mobility Wireless,Allegheny,Cell Number,7/4/95
(412) 591-,"Bethel Park, PA",Usa Mobility Wireless,Allegheny,Cell Number,4/15/96
(412) 592-,"Pittsburgh, PA",Xo Communications Services Inc,Allegheny,Landline,8/7/03
(412) 593-,"Pittsburgh, PA",Telcove Of Pennsylvania,Allegheny,Landline,10/31/00
(412) 594-,"Pittsburgh, PA",Verizon Pennsylvania,Allegheny,Landline,2/4/94
(412) 595-,"Bethel Park, PA",Intermedia Communications Inc.,Allegheny,Landline,1/14/00
(412) 596-,"Pittsburgh, PA",New Cingular Wireless PCS - IL,Allegheny,Cell Number,2/11/95
(412) 597-,"Carnegie, PA",Usa Mobility Wireless,Allegheny,Cell Number,2/11/95
(412) 599-,"Pittsburgh, PA",Intermedia Communications Inc.,Allegheny,Landline,7/1/96
(412) 600-,"Pittsburgh, PA",Cellco Partnership DBA Verizon Wireless,Allegheny,Cell Number,5/10/99
(412) 601-,"Greensburg, PA",Cellco Partnership DBA Verizon Wireless,Westmoreland,Cell Number,4/1/97
(412) 602-,"Pittsburgh, PA",Usa Mobility Wireless,Allegheny,Cell Number,4/1/97
(412) 603-,"Butler, PA",Cellco Partnership DBA Verizon Wireless,Butler,Cell Number,7/6/97
(412) 604-,"Coraopolis, PA",Verizon Pennsylvania,Allegheny,Landline,7/6/97
(412) 605-,"Pittsburgh, PA",Verizon Pennsylvania,Allegheny,Landline,4/15/96
(412) 606-,"Pittsburgh, PA",Sprint Spectrum L.p.,Allegheny,Cell Number,10/13/99
(412) 607-,"Pittsburgh, PA",Sprint Spectrum L.p.,Allegheny,Landline,10/15/96
(412) 608-,"Pittsburgh, PA",Aerial Communications,Allegheny,Cell Number,7/6/97
(412) 609-,"Pittsburgh, PA",Sprint Spectrum L.p.,Allegheny,Cell Number,7/22/99
(412) 610-,"Greensburg, PA",Aerial Communications,Westmoreland,Cell Number,5/18/98
(412) 612-,"Pittsburgh, PA",Sprint Spectrum L.p.,Allegheny,Cell Number,11/11/03
(412) 613-,"Pittsburgh, PA",New Cingular Wireless PCS - IL,Allegheny,Cell Number,10/15/96
(412) 614-,"Butler, PA",Aerial Communications,Butler,Cell Number,5/18/98
(412) 616-,"Pittsburgh, PA",Cellco Partnership DBA Verizon Wireless,Allegheny,Cell Number,11/13/08
(412) 617-,"Carnegie, PA",Usa Mobility Wireless,Allegheny,Cell Number,10/15/96
(412) 619-,"Carnegie, PA",Usa Mobility Wireless,Allegheny,Cell Number,10/15/96
(412) 620-,"Carnegie, PA",Global Crossing Local Services-pa,Allegheny,Cell Number,5/10/99
(412) 621-,"Pittsburgh, PA",Verizon Pennsylvania,Allegheny,Landline,2/4/94
(412) 622-,"Pittsburgh, PA",Verizon Pennsylvania,Allegheny,Landline,2/4/94
(412) 623-,"Pittsburgh, PA",Verizon Pennsylvania,Allegheny,Landline,2/4/94
(412) 624-,"Pittsburgh, PA",Verizon Pennsylvania,Allegheny,Landline,2/4/94
(412) 625-,"Pittsburgh, PA",Global Crossing Local Services-pa,Allegheny,Landline,5/10/99
(412) 626-,"Pittsburgh, PA",Level 3 Communications,Allegheny,Landline,1/4/06
(412) 627-,"Pittsburgh, PA",Cellco Partnership DBA Verizon Wireless,Allegheny,Cell Number,11/7/11
(412) 628-,"Pittsburgh, PA",Leap Wireless Intl DBA Cricket Comm,Allegheny,Cell Number,11/1/01
(412) 629-,"Butler, PA",Cellco Partnership DBA Verizon Wireless,Butler,Cell Number,2/4/94
(412) 630-,"Pittsburgh, PA",Verizon Pennsylvania,Allegheny,Landline,4/15/96
(412) 631-,"Pittsburgh, PA",AT&T Local,Allegheny,Landline,1/25/98
(412) 632-,"Pittsburgh, PA",Intermedia Communications Inc.,Allegheny,Landline,1/14/00
(412) 633-,"Pittsburgh, PA",Verizon Pennsylvania,Allegheny,Landline,2/4/94
(412) 635-,"Pittsburgh, PA",Verizon Pennsylvania,Allegheny,Landline,2/4/94
(412) 636-,"Braddock, PA",Verizon Pennsylvania,Allegheny,Landline,2/4/94
(412) 637-,"Pittsburgh, PA",Allegiance Telecom Of Pennsylvania,Allegheny,Landline,9/21/01
(412) 638-,"Pittsburgh, PA",New Cingular Wireless PCS - IL,Allegheny,Cell Number,2/4/94
(412) 639-,"Pittsburgh, PA",Cellco Partnership DBA Verizon Wireless,Allegheny,Cell Number,4/6/12
(412) 640-,"Carnegie, PA",Usa Mobility Wireless,Allegheny,Cell Number,2/4/94
(412) 641-,"Pittsburgh, PA",Verizon Pennsylvania,Allegheny,Landline,2/4/94
(412) 642-,"Pittsburgh, PA",Verizon Pennsylvania,Allegheny,Landline,2/4/94
(412) 644-,"Pittsburgh, PA",Verizon Pennsylvania,Allegheny,Landline,2/4/94
(412) 645-,"Pittsburgh, PA",Verizon Pennsylvania,Allegheny,Landline,2/4/94
(412) 646-,"Pittsburgh, PA",Comcast Phone Of Pennsylvania,Allegheny,Landline,10/13/99
(412) 647-,"Pittsburgh, PA",Verizon Pennsylvania,Allegheny,Landline,2/4/94
(412) 648-,"Pittsburgh, PA",Verizon Pennsylvania,Allegheny,Landline,2/4/94
(412) 649-,"Carnegie, PA",Usa Mobility Wireless,Allegheny,Cell Number,2/4/94
(412) 650-,"West Mifflin, PA",Verizon Pennsylvania,Allegheny,Landline,1/10/96
(412) 651-,"Pittsburgh, PA",Cellco Partnership DBA Verizon Wireless,Allegheny,Landline,4/27/05
(412) 653-,"West Mifflin, PA",Verizon Pennsylvania,Allegheny,Landline,2/4/94
(412) 654-,"Pittsburgh, PA",Sprint Spectrum L.p.,Allegheny,Cell Number,10/13/99
(412) 655-,"West Mifflin, PA",Verizon Pennsylvania,Allegheny,Landline,2/4/94
(412) 656-,"Pittsburgh, PA",Sprint Spectrum L.p.,Allegheny,Cell Number,10/13/99
(412) 657-,"Pittsburgh, PA",Sprint Spectrum L.p.,Allegheny,Cell Number,6/25/02
(412) 658-,"Pittsburgh, PA",Verizon Pennsylvania,Allegheny,Landline,6/13/00
(412) 660-,"Pittsburgh, PA",Cellco Partnership DBA Verizon Wireless,Allegheny,Cell Number,11/12/12
(412) 661-,"Pittsburgh, PA",Verizon Pennsylvania,Allegheny,Landline,2/4/94
(412) 662-,"Turtle Creek, PA",Level 3 Communications,Allegheny,Landline,10/18/01
(412) 663-,"Pittsburgh, PA",Global Crossing Local Services-pa,Allegheny,Landline,5/10/99
(412) 664-,"Mckeesport, PA",Verizon Pennsylvania,Allegheny,Landline,2/4/94
(412) 665-,"Pittsburgh, PA",Verizon Pennsylvania,Allegheny,Landline,2/4/94
(412) 666-,"Monroeville, PA",Verizon Pennsylvania,Allegheny,Landline,8/14/98
(412) 667-,"Pittsburgh, PA",Verizon Pennsylvania,Allegheny,Landline,5/10/99
(412) 668-,"Pittsburgh, PA",Comcast Phone Of Pennsylvania,Allegheny,Landline,10/1/04
(412) 669-,"Pittsburgh, PA",Usa Mobility Wireless,Allegheny,Cell Number,7/4/95
(412) 670-,"Pittsburgh, PA",Sprint Spectrum L.p.,Allegheny,Cell Number,5/18/98
(412) 671-,"New Brighton, PA",New Cingular Wireless PCS - IL,Beaver,Cell Number,4/15/96
(412) 672-,"Mckeesport, PA",Verizon Pennsylvania,Allegheny,Landline,2/4/94
(412) 673-,"Mckeesport, PA",Verizon Pennsylvania,Allegheny,Landline,2/4/94
(412) 675-,"Mckeesport, PA",Verizon Pennsylvania,Allegheny,Landline,2/4/94
(412) 677-,"Pittsburgh, PA",Us Lec Of Pennsylvania,Allegheny,Landline,6/19/01
(412) 678-,"Mckeesport, PA",Verizon Pennsylvania,Allegheny,Landline,2/4/94
(412) 680-,"Pittsburgh, PA",New Cingular Wireless PCS - IL,Allegheny,Cell Number,2/11/95
(412) 681-,"Pittsburgh, PA",Verizon Pennsylvania,Allegheny,Landline,2/4/94
(412) 682-,"Pittsburgh, PA",Verizon Pennsylvania,Allegheny,Landline,2/4/94
(412) 683-,"Pittsburgh, PA",Verizon Pennsylvania,Allegheny,Landline,2/4/94
(412) 684-,"Glenshaw, PA",Consolidated Communications Enterprise Services-pa,Allegheny,Landline,2/4/94
(412) 685-,"Pittsburgh, PA",Intermedia Communications Inc.,Allegheny,Landline,1/10/96
(412) 686-,"Carnegie, PA",Usa Mobility Wireless,Allegheny,Cell Number,10/15/96
(412) 687-,"Pittsburgh, PA",Verizon Pennsylvania,Allegheny,Landline,2/4/94
(412) 688-,"Pittsburgh, PA",Verizon Pennsylvania,Allegheny,Landline,2/4/94
(412) 689-,"Pittsburgh, PA",Sprint Spectrum L.p.,Allegheny,Cell Number,3/4/11
(412) 690-,"Pittsburgh, PA",Verizon Pennsylvania,Allegheny,Landline,7/6/97
(412) 691-,"Uniontown, PA",Cellco Partnership DBA Verizon Wireless,Fayette,Cell Number,1/10/96
(412) 692-,"Pittsburgh, PA",Verizon Pennsylvania,Allegheny,Landline,2/4/94
(412) 693-,"Pittsburgh, PA",Us Lec Of Pennsylvania,Allegheny,Landline,5/21/01
(412) 694-,"Pittsburgh, PA",365 Wireless,Allegheny,Cell Number,10/22/12
(412) 695-,"Pittsburgh, PA",Global Crossing Local Services-pa,Allegheny,Landline,5/10/99
(412) 696-,"Pittsburgh, PA",Consolidated Communications Enterprise Services-pa,Allegheny,Landline,1/14/00
(412) 697-,"Pittsburgh, PA",Choice One Communications,Allegheny,Landline,5/10/99
(412) 698-,"Pittsburgh, PA",Usa Mobility Wireless,Allegheny,Cell Number,2/11/95
(412) 701-,"Pittsburgh, PA",Intermedia Communications Inc.,Allegheny,Landline,7/1/96
(412) 702-,"Pittsburgh, PA",Intermedia Communications Inc.,Allegheny,Landline,7/1/96
(412) 704-,"Pittsburgh, PA",Teleport Communications America,Allegheny,Landline,4/15/96
(412) 705-,"Pittsburgh, PA",Verizon Pennsylvania,Allegheny,Landline,4/1/97
(412) 706-,"Carnegie, PA",Advanced Telephone Sys Inc DBA Htc Communications,Allegheny,Landline,8/20/00
(412) 708-,"Pittsburgh, PA",Aerial Communications,Allegheny,Cell Number,1/25/98
(412) 709-,"Pittsburgh, PA",Cellco Partnership DBA Verizon Wireless,Allegheny,Cell Number,8/30/11
(412) 712-,"Pittsburgh, PA",Consolidated Communications Enterprise Services-pa,Allegheny,Landline,3/3/01
(412) 713-,"Pittsburgh, PA",Cellco Partnership DBA Verizon Wireless,Allegheny,Cell Number,10/9/12
(412) 714-,"Pittsburgh, PA",Teleport Communications America,Allegheny,Landline,4/15/96
(412) 715-,"Pittsburgh, PA",Verizon Pennsylvania,Allegheny,Landline,3/3/01
(412) 716-,"Pittsburgh, PA",Sprint Spectrum L.p.,Allegheny,Cell Number,7/6/97
(412) 717-,"Pittsburgh, PA",AT&T Local,Allegheny,Landline,5/18/98
(412) 718-,"Pittsburgh, PA",Usa Mobility Wireless,Allegheny,Cell Number,10/15/96
(412) 719-,"Pittsburgh, PA",Cellco Partnership DBA Verizon Wireless,Allegheny,Cell Number,10/15/96
(412) 720-,"Pittsburgh, PA",Cellco Partnership DBA Verizon Wireless,Allegheny,Cell Number,1/10/96
(412) 721-,"Pittsburgh, PA",New Cingular Wireless PCS - IL,Allegheny,Cell Number,2/4/94
(412) 722-,"Carnegie, PA",Consolidated Communications Enterprise Services-pa,Allegheny,Landline,1/14/00
(412) 723-,"Pittsburgh, PA",Telcove Of Pennsylvania,Allegheny,Landline,8/20/00
(412) 725-,"Homestead, PA",Sprint Spectrum L.p.,Allegheny,Cell Number,6/30/01
(412) 726-,"Pittsburgh, PA",Aerial Communications,Allegheny,Cell Number,6/30/01
(412) 727-,"Pittsburgh, PA",Teleport Communications America,Allegheny,Landline,10/13/99
(412) 728-,"Pittsburgh, PA",Sprint Spectrum L.p.,Allegheny,Cell Number,6/13/00
(412) 729-,"Elizabeth, PA",Consolidated Communications Enterprise Services-pa,Allegheny,Landline,6/13/00
(412) 731-,"Pittsburgh, PA",Verizon Pennsylvania,Allegheny,Landline,2/4/94
(412) 732-,"Pittsburgh, PA",Verizon Pennsylvania,Allegheny,Landline,4/15/96
(412) 733-,"Pittsburgh, PA",Teleport Communications America,Allegheny,Landline,7/22/99
(412) 734-,"Pittsburgh, PA",Verizon Pennsylvania,Allegheny,Landline,2/4/94
(412) 735-,"Pittsburgh, PA",Citynet Pennsylvania,Allegheny,Landline,7/9/05
(412) 736-,"Pittsburgh, PA",New Cingular Wireless PCS - IL,Allegheny,Cell Number,2/4/94
(412) 737-,"Pittsburgh, PA",Cellco Partnership DBA Verizon Wireless,Allegheny,Cell Number,1/25/11
(412) 738-,"Pittsburgh, PA",Cellco Partnership DBA Verizon Wireless,Allegheny,Cell Number,10/12/12
(412) 739-,"Pittsburgh, PA",Usa Mobility Wireless,Allegheny,Cell Number,1/10/96
(412) 740-,"Pittsburgh, PA",Verizon Pennsylvania,Allegheny,Landline,2/11/95
(412) 741-,"Sewickley, PA",Verizon Pennsylvania,Allegheny,Landline,2/4/94
(412) 742-,"Pittsburgh, PA",Cellco Partnership DBA Verizon Wireless,Allegheny,Cell Number,6/18/12
(412) 744-,"Pittsburgh, PA",Intermedia Communications Inc.,Allegheny,Landline,1/14/00
(412) 745-,"Pittsburgh, PA",Full Service Computing Corporation,Allegheny,Landline,2/4/94
(412) 746-,"Imperial, PA",Verizon Pennsylvania,Allegheny,Landline,5/10/99
(412) 747-,"Oakdale, PA",Verizon Pennsylvania,Allegheny,Landline,2/4/94
(412) 748-,"Pittsburgh, PA",Advanced Telephone Sys Inc DBA Htc Communications,Allegheny,Landline,8/20/00
(412) 749-,"Sewickley, PA",Verizon Pennsylvania,Allegheny,Landline,2/4/94
(412) 750-,"Pittsburgh, PA",Usa Mobility Wireless,Allegheny,Cell Number,7/6/97
(412) 751-,"Mc Keesport, PA",Verizon Pennsylvania,Allegheny,Landline,2/4/94
(412) 753-,"Glenshaw, PA",Choice One Communications,Allegheny,Landline,1/14/00
(412) 754-,"Mc Keesport, PA",Verizon Pennsylvania,Allegheny,Landline,2/4/94
(412) 755-,"Pittsburgh, PA",Global Crossing Local Services-pa,Allegheny,Landline,5/10/99
(412) 756-,"Pittsburgh, PA",Global Crossing Local Services-pa,Allegheny,Landline,5/10/99
(412) 757-,"Pittsburgh, PA",Intermedia Communications Inc.,Allegheny,Landline,2/4/94
(412) 758-,"Pittsburgh, PA",Leap Wireless Intl DBA Cricket Comm,Allegheny,Cell Number,11/8/01
(412) 759-,"Pittsburgh, PA",New Cingular Wireless PCS - IL,Allegheny,Cell Number,9/11/94
(412) 760-,"Pittsburgh, PA",Cellco Partnership DBA Verizon Wireless,Allegheny,Cell Number,1/10/96
(412) 761-,"Pittsburgh, PA",Verizon Pennsylvania,Allegheny,Landline,2/4/94
(412) 762-,"Pittsburgh, PA",Verizon Pennsylvania,Allegheny,Landline,2/4/94
(412) 765-,"Pittsburgh, PA",Verizon Pennsylvania,Allegheny,Landline,2/4/94
(412) 766-,"Pittsburgh, PA",Verizon Pennsylvania,Allegheny,Landline,2/4/94
(412) 767-,"Indianola, PA",Verizon Pennsylvania,Allegheny,Landline,2/4/94
(412) 768-,"Pittsburgh, PA",Verizon Pennsylvania,Allegheny,Landline,9/11/94
(412) 770-,"Pittsburgh, PA",Telcove Of Pennsylvania,Allegheny,Landline,5/10/99
(412) 771-,"Pittsburgh, PA",Verizon Pennsylvania,Allegheny,Landline,2/4/94
(412) 772-,"Pittsburgh, PA",Teleport Communications America,Allegheny,Landline,10/13/99
(412) 773-,"Pittsburgh, PA",Leap Wireless Intl DBA Cricket Comm,Allegheny,Cell Number,11/15/01
(412) 774-,"Pittsburgh, PA",Telcove Of Pennsylvania,Allegheny,Landline,1/28/04
(412) 776-,"Pittsburgh, PA",AT&T Local,Allegheny,Landline,1/14/00
(412) 777-,"Pittsburgh, PA",Verizon Pennsylvania,Allegheny,Landline,2/4/94
(412) 778-,"Pittsburgh, PA",Verizon Pennsylvania,Allegheny,Landline,2/4/94
(412) 779-,"Pittsburgh, PA",Cellco Partnership DBA Verizon Wireless,Allegheny,Cell Number,1/14/00
(412) 780-,"Pittsburgh, PA",Cellco Partnership DBA Verizon Wireless,Allegheny,Cell Number,2/11/95
(412) 781-,"Pittsburgh, PA",Verizon Pennsylvania,Allegheny,Landline,2/4/94
(412) 782-,"Pittsburgh, PA",Verizon Pennsylvania,Allegheny,Landline,2/4/94
(412) 784-,"Pittsburgh, PA",Verizon Pennsylvania,Allegheny,Landline,2/4/94
(412) 786-,"Pittsburgh, PA",Usa Mobility Wireless,Allegheny,Cell Number,10/15/96
(412) 787-,"Oakdale, PA",Verizon Pennsylvania,Allegheny,Landline,2/4/94
(412) 788-,"Oakdale, PA",Verizon Pennsylvania,Allegheny,Landline,2/4/94
(412) 789-,"Pittsburgh, PA",Mosaic Networx LLC,Allegheny,Landline,2/3/14
(412) 793-,"Verona, PA",Verizon Pennsylvania,Allegheny,Landline,2/4/94
(412) 794-,"Pittsburgh, PA",Global Crossing Local Services-pa,Allegheny,Landline,5/10/99
(412) 795-,"Verona, PA",Verizon Pennsylvania,Allegheny,Landline,2/4/94
(412) 798-,"Verona, PA",Verizon Pennsylvania,Allegheny,Landline,2/4/94
(412) 799-,"Pittsburgh, PA",Verizon Pennsylvania,Allegheny,Landline,1/10/96
(412) 800-,"Pittsburgh, PA",Voxbeam Telecommunications Inc.,Allegheny,Landline,3/27/13
(412) 801-,"Pittsburgh, PA",Verizon Pennsylvania,Allegheny,Landline,4/1/97
(412) 802-,"Pittsburgh, PA",Verizon Pennsylvania,Allegheny,Landline,7/6/97
(412) 803-,"Pittsburgh, PA",Verizon Pennsylvania,Allegheny,Landline,4/15/96
(412) 804-,"Pittsburgh, PA",Verizon Pennsylvania,Allegheny,Landline,4/15/96
(412) 805-,"Pittsburgh, PA",Aerial Communications,Allegheny,Cell Number,7/6/97
(412) 807-,"Pittsburgh, PA",Verizon Pennsylvania,Allegheny,Landline,4/18/08
(412) 808-,"Pittsburgh, PA",Intermedia Communications Inc.,Allegheny,Landline,4/15/96
(412) 809-,"Oakdale, PA",Verizon Pennsylvania,Allegheny,Landline,5/18/98
(412) 810-,"Pittsburgh, PA",Intermedia Communications Inc.,Allegheny,Landline,7/1/96
(412) 812-,"Pittsburgh, PA",Sprint Spectrum L.p.,Allegheny,Cell Number,7/1/96
(412) 816-,"Turtle Creek, PA",Verizon Pennsylvania,Allegheny,Landline,7/1/96
(412) 817-,"Greensburg, PA",New Cingular Wireless PCS - IL,Westmoreland,Cell Number,4/15/96
(412) 818-,"Mc Kees Rocks, PA",New Cingular Wireless PCS - IL,Allegheny,Cell Number,4/1/97
(412) 819-,"Pittsburgh, PA",Verizon Pennsylvania,Allegheny,Landline,1/11/97
(412) 820-,"Oakmont, PA",Verizon Pennsylvania,Allegheny,Landline,2/4/94
(412) 821-,"Pittsburgh, PA",Verizon Pennsylvania,Allegheny,Landline,2/4/94
(412) 822-,"Pittsburgh, PA",Verizon Pennsylvania,Allegheny,Landline,2/4/94
(412) 823-,"Turtle Creek, PA",Verizon Pennsylvania,Allegheny,Landline,2/4/94
(412) 824-,"Turtle Creek, PA",Verizon Pennsylvania,Allegheny,Landline,2/4/94
(412) 825-,"Turtle Creek, PA",Verizon Pennsylvania,Allegheny,Landline,2/4/94
(412) 826-,"Oakmont, PA",Verizon Pennsylvania,Allegheny,Landline,2/4/94
(412) 828-,"Oakmont, PA",Verizon Pennsylvania,Allegheny,Landline,2/4/94
(412) 829-,"Turtle Creek, PA",Verizon Pennsylvania,Allegheny,Landline,2/4/94
(412) 831-,"Bethel Park, PA",Verizon Pennsylvania,Allegheny,Landline,2/4/94
(412) 832-,"Pittsburgh, PA",Global Crossing Local Services-pa,Allegheny,Landline,5/10/99
(412) 833-,"Bethel Park, PA",Verizon Pennsylvania,Allegheny,Landline,2/4/94
(412) 835-,"Bethel Park, PA",Verizon Pennsylvania,Allegheny,Landline,2/4/94
(412) 837-,"Pittsburgh, PA",Cavalier Telephone Mid-atlantic,Allegheny,Landline,12/1/05
(412) 838-,"Bridgeville, PA",Consolidated Communications Enterprise Services-pa,Allegheny,Landline,1/14/00
(412) 839-,"Bridgeville, PA",Advanced Telephone Sys Inc DBA Htc Communications,Allegheny,Landline,10/31/00
(412) 841-,"Pittsburgh, PA",Cellco Partnership DBA Verizon Wireless,Allegheny,Cell Number,2/4/94
(412) 843-,"Pittsburgh, PA",Allegiance Telecom Of Pennsylvania,Allegheny,Landline,7/19/01
(412) 847-,"Pittsburgh, PA",Consolidated Communications Enterprise Services-pa,Allegheny,Landline,2/4/94
(412) 848-,"Pittsburgh, PA",Cellco Partnership DBA Verizon Wireless,Allegheny,Cell Number,2/4/94
(412) 849-,"Pittsburgh, PA",Cellco Partnership DBA Verizon Wireless,Allegheny,Cell Number,2/4/94
(412) 850-,"Pittsburgh, PA",Advanced Telephone Sys Inc DBA Htc Communications,Allegheny,Landline,10/31/00
(412) 851-,"Bethel Park, PA",Verizon Pennsylvania,Allegheny,Landline,1/10/96
(412) 852-,"Pittsburgh, PA",Cellco Partnership DBA Verizon Wireless,Allegheny,Cell Number,8/11/11
(412) 853-,"Pittsburgh, PA",Leap Wireless Intl DBA Cricket Comm,Allegheny,Cell Number,9/28/01
(412) 854-,"Bethel Park, PA",Verizon Pennsylvania,Allegheny,Landline,2/4/94
(412) 855-,"Pittsburgh, PA",Cellco Partnership DBA Verizon Wireless,Allegheny,Cell Number,2/4/94
(412) 856-,"Monroeville, PA",Verizon Pennsylvania,Allegheny,Landline,2/4/94
(412) 858-,"Monroeville, PA",Verizon Pennsylvania,Allegheny,Landline,2/4/94
(412) 859-,"Oakdale, PA",Verizon Pennsylvania,Allegheny,Landline,2/4/94
(412) 860-,"Pittsburgh, PA",Cellco Partnership DBA Verizon Wireless,Allegheny,Cell Number,9/11/94
(412) 861-,"Bridgeville, PA",Sprint Spectrum L.p.,Allegheny,Cell Number,6/13/00
(412) 862-,"Pittsburgh, PA",Verizon Pennsylvania,Allegheny,Landline,2/4/94
(412) 863-,"Pittsburgh, PA",Sprint Spectrum L.p.,Allegheny,Cell Number,4/9/12
(412) 864-,"Pittsburgh, PA",Verizon Pennsylvania,Allegheny,Landline,5/13/08
(412) 865-,"Coraopolis, PA",Consolidated Communications Enterprise Services-pa,Allegheny,Landline,8/20/00
(412) 867-,"Pittsburgh, PA",Verizon Pennsylvania,Allegheny,Landline,6/13/00
(412) 871-,"Pittsburgh, PA",Teleport Communications America,Allegheny,Landline,4/15/96
(412) 872-,"Mckeesport, PA",Intermedia Communications Inc.,Allegheny,Landline,6/30/01
(412) 874-,"Pittsburgh, PA",Cellco Partnership DBA Verizon Wireless,Allegheny,Cell Number,1/10/96
(412) 875-,"Pittsburgh, PA",Teleport Communications America,Allegheny,Landline,4/15/96
(412) 877-,"Pittsburgh, PA",New Cingular Wireless PCS - IL,Allegheny,Cell Number,2/11/95
(412) 879-,"Elizabeth, PA",Telcove Of Pennsylvania,Allegheny,Landline,8/20/00
(412) 880-,"Pittsburgh, PA",Verizon Pennsylvania,Allegheny,Landline,7/4/95
(412) 881-,"Pittsburgh, PA",Verizon Pennsylvania,Allegheny,Landline,2/4/94
(412) 882-,"Pittsburgh, PA",Verizon Pennsylvania,Allegheny,Landline,2/4/94
(412) 884-,"Pittsburgh, PA",Verizon Pennsylvania,Allegheny,Landline,2/4/94
(412) 885-,"Pittsburgh, PA",Verizon Pennsylvania,Allegheny,Landline,2/4/94
(412) 886-,"Pittsburgh, PA",Verizon Pennsylvania,Allegheny,Landline,1/10/96
(412) 888-,"Pittsburgh, PA",Core Communications,Allegheny,Landline,6/26/12
(412) 889-,"Pittsburgh, PA",New Cingular Wireless PCS - IL,Allegheny,Cell Number,2/4/94
(412) 892-,"West Mifflin, PA",Verizon Pennsylvania,Allegheny,Landline,2/4/94
(412) 893-,"Pittsburgh, PA",Teleport Communications America,Allegheny,Landline,4/15/96
(412) 894-,"Pittsburgh, PA",Paetec Communications,Allegheny,Landline,3/3/01
(412) 896-,"Pittsburgh, PA",Teleport Communications America,Allegheny,Landline,4/15/96
(412) 897-,"Pittsburgh, PA",New Cingular Wireless PCS - IL,Allegheny,Cell Number,7/4/95
(412) 901-,"Pittsburgh, PA",Sprint Spectrum L.p.,Allegheny,Cell Number,7/6/97
(412) 902-,"Pittsburgh, PA",Global Crossing Local Services-pa,Allegheny,Landline,5/10/99
(412) 903-,"Pittsburgh, PA",Intermedia Communications Inc.,Allegheny,Landline,10/11/97
(412) 904-,"Pittsburgh, PA",Teleport Communications America,Allegheny,Landline,6/30/01
(412) 905-,"Pittsburgh, PA",Verizon Pennsylvania,Allegheny,Cell Number,7/6/97
(412) 906-,"Pittsburgh, PA",Sprint Spectrum L.p.,Allegheny,Cell Number,7/6/97
(412) 908-,"New Brighton, PA",Aerial Communications,Beaver,Cell Number,4/1/97
(412) 913-,"Pittsburgh, PA",Cellco Partnership DBA Verizon Wireless,Allegheny,Cell Number,10/11/97
(412) 914-,"Bridgeville, PA",Verizon Pennsylvania,Allegheny,Landline,7/6/97
(412) 915-,"Mc Kees Rocks, PA",New Cingular Wireless PCS - IL,Allegheny,Cell Number,1/11/97
(412) 916-,"Mc Kees Rocks, PA",New Cingular Wireless PCS - IL,Allegheny,Cell Number,1/11/97
(412) 917-,"Mc Kees Rocks, PA",Usa Mobility Wireless,Allegheny,Cell Number,10/11/97
(412) 918-,"Pittsburgh, PA",Teleport Communications America,Allegheny,Landline,10/11/97
(412) 919-,"Pittsburgh, PA",Verizon Pennsylvania,Allegheny,Landline,1/11/97
(412) 920-,"Pittsburgh, PA",Verizon Pennsylvania,Allegheny,Landline,2/4/94
(412) 921-,"Pittsburgh, PA",Verizon Pennsylvania,Allegheny,Landline,2/4/94
(412) 922-,"Pittsburgh, PA",Verizon Pennsylvania,Allegheny,Landline,2/4/94
(412) 923-,"Carnegie, PA",Verizon Pennsylvania,Allegheny,Landline,2/4/94
(412) 924-,"Pittsburgh, PA",Consolidated Communications Enterprise Services-pa,Allegheny,Landline,3/3/01
(412) 925-,"Pittsburgh, PA",Cellco Partnership DBA Verizon Wireless,Allegheny,Cell Number,5/11/11
(412) 926-,"Pittsburgh, PA",Choice One Communications,Allegheny,Landline,10/30/07
(412) 927-,"Pittsburgh, PA",Level 3 Communications,Allegheny,Landline,6/30/01
(412) 928-,"Pittsburgh, PA",Verizon Pennsylvania,Allegheny,Landline,2/4/94
(412) 929-,"Pittsburgh, PA",Intermedia Communications Inc.,Allegheny,Landline,1/14/00
(412) 930-,,Rclec,,Unknown,5/14/14
(412) 931-,"Pittsburgh, PA",Verizon Pennsylvania,Allegheny,Landline,2/4/94
(412) 932-,"Pittsburgh, PA",Local Access LLC,Allegheny,Landline,3/8/13
(412) 937-,"Pittsburgh, PA",Verizon Pennsylvania,Allegheny,Landline,2/4/94
(412) 939-,"Pittsburgh, PA",Verizon Pennsylvania,Allegheny,Landline,2/4/94
(412) 942-,"Pittsburgh, PA",Consolidated Communications Enterprise Services-pa,Allegheny,Landline,10/31/00
(412) 943-,"West Mifflin, PA",Consolidated Communications Enterprise Services-pa,Allegheny,Landline,3/3/01
(412) 944-,"Pittsburgh, PA",Leap Wireless Intl DBA Cricket Comm,Allegheny,Cell Number,4/6/11
(412) 945-,"Pittsburgh, PA",Global Crossing Local Services-pa,Allegheny,Landline,5/10/99
(412) 946-,"Pittsburgh, PA",Global Crossing Local Services-pa,Allegheny,Landline,5/10/99
(412) 948-,"Mckeesport, PA",Consolidated Communications Enterprise Services-pa,Allegheny,Landline,3/3/01
(412) 949-,"Mc Kees Rocks, PA",Usa Mobility Wireless,Allegheny,Cell Number,2/4/94
(412) 951-,"Pittsburgh, PA",New Cingular Wireless PCS - IL,Allegheny,Cell Number,4/15/96
(412) 952-,"Pittsburgh, PA",Cellco Partnership DBA Verizon Wireless,Allegheny,Cell Number,1/10/96
(412) 953-,"Pittsburgh, PA",New Cingular Wireless PCS - IL,Allegheny,Cell Number,4/15/96
(412) 954-,"Pittsburgh, PA",Intermedia Communications Inc.,Allegheny,Landline,4/15/96
(412) 955-,"Pittsburgh, PA",Usa Mobility Wireless,Allegheny,Cell Number,1/25/98
(412) 956-,"Pittsburgh, PA",New Cingular Wireless PCS - IL,Allegheny,Cell Number,7/4/95
(412) 958-,"Mc Kees Rocks, PA",Usa Mobility Wireless,Allegheny,Cell Number,2/4/94
(412) 960-,"Pittsburgh, PA",AT&T Local,Allegheny,Landline,1/25/98
(412) 961-,"Glenshaw, PA",Verizon Pennsylvania,Allegheny,Landline,2/4/94
(412) 963-,"Pittsburgh, PA",Verizon Pennsylvania,Allegheny,Landline,2/4/94
(412) 965-,"Pittsburgh, PA",Cellco Partnership DBA Verizon Wireless,Allegheny,Cell Number,1/10/96
(412) 967-,"Pittsburgh, PA",Verizon Pennsylvania,Allegheny,Landline,2/4/94
(412) 968-,"Pittsburgh, PA",Verizon Pennsylvania,Allegheny,Landline,1/10/96
(412) 969-,"Pittsburgh, PA",Leap Wireless Intl DBA Cricket Comm,Allegheny,Cell Number,11/1/01
(412) 970-,"Pittsburgh, PA",Usa Mobility Wireless,Allegheny,Cell Number,5/18/98
(412) 972-,"Rochester, PA",Cellco Partnership DBA Verizon Wireless,Beaver,Cell Number,1/10/96
(412) 973-,"Pittsburgh, PA",New Cingular Wireless PCS - IL,Allegheny,Cell Number,2/4/94
(412) 974-,"Rochester, PA",Cellco Partnership DBA Verizon Wireless,Beaver,Cell Number,1/10/96
(412) 977-,"Pittsburgh, PA",Cellco Partnership DBA Verizon Wireless,Allegheny,Cell Number,1/10/96
(412) 978-,"Carnegie, PA",Usa Mobility Wireless,Allegheny,Cell Number,9/11/94
(412) 979-,"Pittsburgh, PA",New Cingular Wireless PCS - IL,Allegheny,Cell Number,2/11/95
(412) 980-,"Pittsburgh, PA",New Cingular Wireless PCS - IL,Allegheny,Cell Number,4/15/96
(412) 983-,"Pittsburgh, PA",Aerial Communications,Allegheny,Cell Number,3/20/01
(412) 992-,"Pittsburgh, PA",AT&T Local,Allegheny,Landline,1/25/98
(412) 994-,"Washington, PA",Cellco Partnership DBA Verizon Wireless,Washington,Cell Number,1/10/96
(412) 995-,"Pittsburgh, PA",Teleport Communications America,Allegheny,Landline,4/15/96
(412) 996-,"Pittsburgh, PA",New Cingular Wireless PCS - IL,Allegheny,Cell Number,1/25/98
(412) 997-,"Washington, PA",Cellco Partnership DBA Verizon Wireless,Washington,Cell Number,1/10/96
(412) 998-,"Pittsburgh, PA",Intermedia Communications Inc.,Allegheny,Landline,1/14/00
(412) 999-,"Pittsburgh, PA",New Cingular Wireless PCS - IL,Allegheny,Cell Number,5/18/98